,Aircraft Name,,Engine,Fuel Consumtion (lbs/km),Cruise Speed (kph),CO2 Emmision (pax/km),Cost ($),Capacity ,Runway (ft),Range (ft),A-Check ($),Maint. Check (hrs),Pilots,Crew,Engineers,Tech,Fuel/seat,Fuel/seat*cost
12,Cessna 172,23,Lycomming IO-360-L2A,3.76,221,0.05,51000,3,2500,1000,2341,400,1,0,1,1,1.253333333,63920
146,Phenom 100,163,PW617F-E,7.2,707,0.1,68000,4,2000,2182,950,490,2,1,1,1,1.8,122400
124,EMB 121 Xingu I,154,PW PT6A-28,7.76,328,0.1,85000,5,2000,2352,3294,350,2,1,1,1,1.552,131920
218,An-74VIP,217,Lotarev D-36-(3A) ,7.68,539,0.1,100722,12,6500,3300,9065,350,2,1,1,3,0.64,64462.08
147,Phenom 300,164,PW 535,8.72,850,0.1,102000,6,2000,3334,1829,460,2,1,1,1,1.453333333,148240
179,Saab 340,185,GE CT7-9B,13.65,424,0.19,109241,37,2000,1730,9832,380,2,1,1,2,0.3689189189,40301.07162
145,Legacy 450,162,HTF7500E,7.6,836,0.1,110501,7,2000,4260,2210,520,2,1,1,1,1.085714286,119972.5143
92,Beechcraft 1900D,117,PW PT6A-67D,13.65,470,0.19,111024,19,4500,2776,7772,490,2,1,1,1,0.7184210526,79761.97895
180,Saab 90 Scandia,186,R-2180 Twin Wasp E,9.27,477,0.11,113217,32,2000,2510,21228,210,2,1,1,3,0.2896875,32797.54969
94,Beechcraft 1900,120,PW PT6A-67,9.36,499,0.11,119896,19,4500,2907,10791,380,2,1,1,1,0.4926315789,59064.55579
168,ATR 42-320,174,PW 121,9.9,483,0.14,122121,46,6500,1945,10380,400,2,1,1,2,0.2152173913,26282.56304
23,ATR 42-500,39,PW127E,14.88,550,0.2,122750,50,6500,1611,10741,340,2,2,1,1,0.2976,36530.4
114,DHC-8-Q200,145,PW123D,16.15,510,0.21,124381,37,2000,1713,7463,480,2,1,1,2,0.4364864865,54290.62568
114,DHC-8-Q200,144,PW123C,17.51,585,0.21,124381,37,2000,1713,7463,480,2,1,1,2,0.4732432432,58862.46784
113,DHC-8-100,143,PW121,15.84,480,0.2,127710,37,2000,1889,11175,380,2,1,1,2,0.4281081081,54673.68649
113,DHC-8-100,142,PW120A,16.96,505,0.2,127710,37,2000,1889,11175,380,2,1,1,2,0.4583783784,58539.5027
272,F27-600,267,RR Dart 7 Mk.536-7R,14.72,391,0.2,127943,44,2000,1890,16633,350,2,2,1,3,0.3345454545,42802.74909
144,Legacy 500,162,HTF7500E,7.6,836,0.1,128115,8,2000,5186,2562,510,2,1,1,1,0.95,121709.25
99,L-1329 JetStar,126,Garrett AiResearch TFE-731-3,9.09,956,0.11,132130,10,2000,4585,20480,320,2,1,1,3,0.909,120106.17
169,ATR 42-400,174,PW 121,14.4,504,0.2,133060,48,6500,1945,7984,500,2,1,1,2,0.3,39918
169,ATR 42-400,173,PW 120,16.96,556,0.2,133060,48,6500,1945,7984,500,2,1,1,2,0.3533333333,47014.53333
219,An-74-200,217,Lotarev D-36-(3A) ,10.56,539,0.14,134296,16,4650,3300,12087,320,2,1,1,3,0.66,88635.36
120,EMB 120,150,PWII8C,13.16,540,0.18,134440,30,2000,1481,11427,390,2,1,1,2,0.4386666667,58974.34667
120,EMB 120,148,PWII8A,14,535,0.18,134440,30,2000,1481,11427,390,2,1,1,2,0.4666666667,62738.66667
120,EMB 120,149,PWII8B,14.98,574,0.18,134440,30,2000,1481,11427,390,2,1,1,2,0.4993333333,67130.37333
269,F27-200,264,RR Dart Mk 532,16,451,0.2,135138,40,2000,1926,20271,350,2,2,1,3,0.4,54055.2
102,Learjet 25B,129,GE CJ610-6,6.65,789,0.09,137633,8,2000,2684,16860,320,2,1,1,2,0.83125,114407.4313
102,Learjet 25B,130,GE CJ610-8,7.42,955,0.09,137633,8,2000,2684,16860,320,2,1,1,2,0.9275,127654.6075
295,SN-601 Corvette,285,P&W JT15D-4,7.6,684,0.1,149020,14,2000,2555,17510,360,2,1,1,2,0.5428571429,80896.57143
115,DHC-8-Q300,146,PW123B,13.86,512,0.18,180374,50,2000,1558,13528,370,2,2,1,2,0.2772,49999.6728
324,King Air 350i,115,Pratt & Whitney Canada PT6A-66,16.16,626,0.15,187000,11,3300,3340,8883,400,2,1,1,1,1.469090909,274720
316,Praetor 500,162,HTF7500E,7.6,836,0.11,198115,7,2000,6186,17108,400,2,1,1,1,1.085714286,215096.2857
192,DC-1,193,SGR-1820F,18,297,0.22,204000,12,2000,1500,2314,200,2,1,1,2,1.5,306000
170,ATR 42-600,175,PW 127E,14.25,558,0.19,208303,50,6500,2000,4166,550,2,1,1,1,0.285,59366.355
170,ATR 42-600,177,PW 127M,14.55,535,0.19,208303,50,6500,2000,4166,550,2,1,1,1,0.291,60616.173
170,ATR 42-600,176,PW 127F,16.05,621,0.19,208303,50,6500,2000,4166,550,2,1,1,1,0.321,66865.263
317,Praetor 600,33,RR AE3007,8,794,0.12,218115,8,2000,7441,17108,400,2,1,1,1,1,218115
11,Challenger 300,22,GE CF34-3A,10.1,944,0.12,223915,16,3500,3000,8397,480,2,1,1,1,0.63125,141346.3438
266,Cessna 208B,260,PT6A-114,10.7,327,0.12,238000,14,2990,2000,3481,390,2,0,1,3,0.7642857143,181900
193,DC-2,194,GR-F53,15.64,273,0.21,238000,14,2000,1750,3113,290,3,1,1,2,1.117142857,265880
267,Tu-104,261,Mikulin AM-3,16.8,816,0.2,241193,50,2000,2750,38591,330,2,2,1,3,0.336,81040.848
259,Il-114,252,Klimov TV-7-117S,13.95,490,0.19,255147,64,2000,1000,18498,470,2,2,1,2,0.21796875,55614.07266
178,DHC-7,184,PW PT6A-50,14.7,395,0.19,259197,54,2000,1400,26568,400,2,1,1,2,0.2722222222,70559.18333
93,Beechcraft 1900C,118,PW PT6A-65,15.2,552,0.2,323000,19,4500,2500,7173,450,2,1,1,1,0.8,258400
96,Jetstream 31,122,Garrett TPE331-10UG turboprop,16.83,404,0.21,323000,19,2000,1260,6988,320,2,1,1,2,0.8857894737,286110
93,Beechcraft 1900C,119,PW PT6A-65B,16.96,621,0.2,323000,19,4500,2500,7173,450,2,1,1,1,0.8926315789,288320
271,F27-500,267,RR Dart 7 Mk.536-7R,15.64,481,0.21,336145,52,2000,1826,43699,380,2,2,1,3,0.3007692308,101102.0731
271,F27-500,262,RR Dart Mk 528,18.19,533,0.21,336145,52,2000,1826,43699,380,2,2,1,3,0.3498076923,117586.1067
271,F27-500,266,RR Dart Mk.532-7,18.53,574,0.21,336145,52,2000,1826,43699,380,2,2,1,3,0.3563461538,119783.9779
126,ERJ 135ER,156,RR AE-3007A1/3,9.54,910,0.11,352585,37,2000,2650,19392,460,2,2,1,2,0.2578378378,90909.75405
18,Legacy 600,33,RR AE3007,8,783,0.1,360159,13,2000,6060,17108,490,2,1,1,1,0.6153846154,221636.3077
22,ATR 72-500,38,PW127M,11.44,552,0.14,365902,64,6500,1650,20125,480,2,2,1,1,0.17875,65404.9825
196,DC-5,198,PW R-1820-44,18.54,357,0.22,374000,22,2000,2575,6133,230,3,2,1,2,0.8427272727,315180
95,Citation X,121,RR/Allison AE 3007C1,7.68,947,0.1,378968,12,4000,6020,29370,360,2,1,1,2,0.64,242539.52
56,Il-114-100,72,N/A,9.6,465,0.12,382720,64,2000,2000,20093,470,2,2,1,2,0.15,57408
143,Lineage 1000,161,GE CF34-10E7B,10.9,923,0.12,385854,19,2000,8344,9646,470,3,2,1,2,0.5736842105,221358.3474
246,Il-14P,242,Shvetsov Ash-82T,18.54,339,0.22,408000,24,2000,1750,7981,360,3,1,1,2,0.7725,315180
117,CRJ 100,147,GE CF34-3A1,7.56,839,0.09,416025,50,4500,2417,28082,470,2,1,1,2,0.1512,62902.98
127,ERJ 135LR,156,RR AE-3007A1/3,7.42,910,0.09,417514,37,2000,3138,24007,450,2,2,1,2,0.2005405405,83728.48324
260,Il-114-300,253,Klimov TV-7-117SM,7.68,485,0.1,435344,52,2000,2100,31562,480,2,2,1,2,0.1476923077,64296.96
148,Challenger 600,165,ALF-502L,6.3,863,0.09,439374,19,3500,5925,42839,370,2,1,1,2,0.3315789474,145687.1684
129,ERJ 145ER,157,RR AE-3007A,7.35,866,0.09,442288,50,2000,2445,24326,450,2,2,1,2,0.147,65016.336
195,DC-4,197,PW R20002SDBG,13.5,332,0.19,464718,86,2000,4023,94105,200,3,2,1,2,0.1569767442,72949.9186
128,ERJ 140LR,156,RR AE-3007A1/3,7.42,910,0.09,477675,44,2000,3019,26272,450,2,2,1,2,0.1686363636,80553.375
294,N262,284,Turbomeca Bastan VI C Turboprop,16.49,345,0.21,493000,29,2000,1100,5483,370,2,1,1,3,0.5686206897,280330
171,ATR 72-200,178,PW 124B,9.3,455,0.12,494675,64,6500,2665,34627,480,2,2,1,1,0.1453125,71882.46094
97,Jetstream 41,123,AlliedSignal TPE331-14GR/HR,14.4,540,0.2,510000,30,2000,1433,5790,470,2,2,1,2,0.48,244800
245,SU-80GP,185,GE CT7-9B,15.47,391,0.21,510000,30,2000,1300,4137,450,2,1,1,2,0.5156666667,262990
172,ATR 72-210,179,PW 127,9.1,485,0.12,513873,62,6500,2800,37256,490,2,2,1,1,0.1467741935,75423.29516
130,ERJ 145LR,158,RR AE-3007A1,7.14,882,0.09,519169,50,2000,2870,29852,460,2,2,1,2,0.1428,74137.3332
118,CRJ 100ER,147,GE CF34-3A1,7.56,839,0.09,526012,50,4500,3056,35506,470,2,1,1,2,0.1512,79533.0144
338,BAe 146-300,21,Honeywell ALF 502R-5,17.67,702,0.24,527912,112,3921,2400,25076,400,2,4,2,3,0.1577678571,83287.545
194,DC-3,195,PW R1830S1C3G,17.48,250,0.24,544000,32,2000,1650,5389,200,2,2,1,2,0.54625,297160
194,DC-3,196,SGR1820,20.33,273,0.24,544000,32,2000,1650,5389,200,2,2,1,2,0.6353125,345610
149,Challenger 601,165,ALF-502L,5.4,825,0.08,552716,19,3500,6236,51126,350,2,1,1,2,0.2842105263,157087.7053
149,Challenger 601,22,GE CF34-3A,6.06,944,0.08,552716,19,3500,6236,51126,350,2,1,1,2,0.3189473684,176287.3137
151,Challenger 605,166,GE CF-34-3B,4.6,799,0.06,558459,12,3780,7491,18150,490,2,1,1,1,0.3833333333,214075.95
348,328-100,234,PW119B,12.6,638,0.19,561000,33,4485,1310,26648,400,2,4,1,2,0.3818181818,214200
349,328-310JET,254,PW306B,12.74,710,0.22,561000,33,4485,1980,26648,400,2,4,1,2,0.3860606061,216580
285,Tu-124,276,Soloviev D-20P,11.44,972,0.14,562598,56,2000,2100,80170,380,2,2,1,2,0.2042857143,114930.7343
222,An-140,72,N/A,6.72,446,0.09,577938,52,5500,2420,36121,480,2,2,1,3,0.1292307692,74687.37231
287,Caravelle III,279,RA-29 Mk.531B,10.34,740,0.14,581947,80,7700,1700,87292,350,3,2,1,2,0.12925,75216.64975
287,Caravelle III,278,RA-29 Mk.531,11.88,885,0.14,581947,80,7700,1700,87292,350,3,2,1,2,0.1485,86419.1295
247,Il-14M,242,Shvetsov Ash-82T,18.54,339,0.22,612000,36,2000,1750,11604,320,3,1,1,2,0.515,315180
9,CRJ 200,20,GE CF34-3B1,6.72,801,0.09,621621,50,2000,3500,41959,450,2,2,1,1,0.1344,83545.8624
283,Tu-104A,261,Mikulin AM-3,13.65,765,0.16,627900,70,2000,2750,97325,320,2,2,1,3,0.195,122440.5
341,Global 7500,319,General Electric Passport,8.37,897,0.06,630386,19,5800,14260,29943,400,2,4,2,2,0.4405263158,277701.6221
119,CRJ 100LR,147,GE CF34-3A1,7.56,839,0.09,638581,50,2000,3710,43104,490,2,1,1,2,0.1512,96553.4472
342,Global 8000,319,General Electric Passport,7.44,897,0.06,651042,17,5820,14631,30924,400,2,3,2,2,0.4376470588,284926.6165
116,CRJ 200LR,20,GE CF34-3B1,6.72,801,0.09,659451,50,2000,3713,37918,470,2,1,1,2,0.1344,88630.2144
212,DC-9-10,212,PW JT8D-7,13.44,893,0.18,659657,90,2000,2036,89054,340,2,2,1,2,0.1493333333,98508.77867
273,F28-1000,268,"RR RB183-2 ""Spey"" Mk555-15",10.2,908,0.12,660013,65,2000,2000,82502,330,2,2,1,3,0.1569230769,103571.2708
220,An-74TK-100,217,Lotarev D-36-(3A) ,7.68,539,0.1,661308,52,5600,2750,67784,330,2,2,1,4,0.1476923077,97670.10462
329,4-0-4,311,PW R-2800-CB16,14.88,466,0.15,680000,40,1980,1800,32300,400,2,4,2,2,0.372,252960
270,F27-400,265,RR Dart 7,17.1,412,0.24,680000,40,2000,1468,13123,360,2,2,1,3,0.4275,290700
330,2-0-2,272,PW R-2800-CA18,19.57,510,0.16,680000,40,1565,2900,32300,400,2,4,2,1,0.48925,332690
181,Tu-134A,187,Soloviev D-30-II,11,799,0.14,686770,76,2000,2000,89280,380,2,2,1,4,0.1447368421,99400.92105
282,Tu-104D,261,Mikulin AM-3,14.7,765,0.18,698913,85,2000,2750,108332,360,2,3,1,3,0.1729411765,120870.8365
277,F28-6000,270,"RR RB183-2 ""Spey"" Mk555-15H",9.1,767,0.12,707020,85,2000,1650,77772,400,2,2,1,3,0.1070588235,75692.72941
197,DC-6,199,PW R2800-CA15,14.72,490,0.2,707147,56,2000,7376,127286,280,4,2,1,2,0.2628571429,185878.64
275,F28-3000,268,"RR RB183-2 ""Spey"" Mk555-15",9.18,902,0.11,711521,65,2000,1900,85383,390,2,2,1,3,0.1412307692,100488.6582
167,ATR 42-300,173,PW 120,19.08,524,0.22,714000,42,6500,1945,8289,340,2,1,1,2,0.4542857143,324360
105,Fokker 50,132,PW125B,6.79,623,0.09,718458,58,2000,2055,57477,380,2,2,1,3,0.1170689655,84109.13483
103,Fokker 70,131,RR Tay Mk.620,9.45,817,0.11,725120,70,2000,2040,43507,490,2,2,1,2,0.135,97891.2
281,Tu-104B,274,Mikulin AM-3M-500,15.84,795,0.2,742545,100,2000,2650,111382,350,2,3,1,4,0.1584,117619.128
350,428JET,254,PW306B,14.56,710,0.24,748000,44,4530,1665,35530,400,2,5,2,2,0.3309090909,247520
268,F27-100,263,RR Dart 6 Mk.514-7,18.05,465,0.24,748000,44,2000,1315,13484,360,2,2,1,3,0.4102272727,306850
268,F27-100,262,RR Dart Mk 528,20.33,494,0.24,748000,44,2000,1315,13484,360,2,2,1,3,0.4620454545,345610
249,Il-18B,243,Kuznetsov NK-4,9.2,564,0.12,756132,84,2000,2560,117200,320,5,2,1,3,0.1095238095,82814.45714
249,Il-18B,244,Ivchenko Al-20,9.6,576,0.12,756132,84,2000,2560,117200,320,5,2,1,3,0.1142857143,86415.08571
10,BAe146,21,Honeywell ALF 502R-5,9.3,675,0.12,762450,85,6500,2000,68621,330,2,2,1,1,0.1094117647,83421
248,Il-18A,243,Kuznetsov NK-4,8.28,564,0.11,771564,75,2000,2560,119592,360,5,2,1,3,0.1104,85180.6656
343,B377 Stratocruiser,320,PW R-4360,29,573,0.3,788066,117,8600,6760,37433,400,2,9,3,9,0.2478632479,195332.5983
25,DHC-8-Q400,43,PW150A,9.9,733,0.11,804752,70,2000,2522,38226,480,2,2,1,2,0.1414285714,113814.9257
276,F28-4000,270,"RR RB183-2 ""Spey"" Mk555-15H",9.1,767,0.12,814144,85,2000,1900,87520,350,2,2,1,3,0.1070588235,87161.29882
276,F28-4000,269,"RR RB183-2 ""Spey"" Mk555-15P",10.4,944,0.12,814144,85,2000,1900,87520,350,2,2,1,3,0.1223529412,99612.91294
289,Caravelle IV-R,281,RA-29 Mk.533R,10.67,828,0.14,826463,80,7800,2300,119837,380,3,2,1,2,0.133375,110229.5026
104,Fokker 70A,131,RR Tay Mk.620,9.45,817,0.11,828709,80,2000,2040,51794,490,2,2,1,2,0.118125,97891.25063
288,Caravelle IV-N,280,RA-29 Mk.531 RA-29 Mk. 531B,10.34,760,0.14,844429,80,7800,2350,124553,320,3,2,1,2,0.12925,109142.4483
216,DC-9-50,215,PW JT8D-17,13.16,889,0.18,847715,90,2000,2631,93249,380,2,2,1,2,0.1462222222,123954.7711
198,DC-6B,200,PW R2800-CB17,17.44,567,0.2,854413,102,2000,4835,153794,210,4,2,1,2,0.1709803922,146087.8698
337,F100,315,RR Tay Mk.650-15,20.68,694,0.16,861279,122,6000,4300,40911,400,2,5,2,6,0.1695081967,145993.8502
214,DC-9-30,214,PW JT8D-15,13.44,871,0.18,865651,90,2000,2631,112535,380,2,2,1,2,0.1493333333,129270.5493
215,DC-9-40,214,PW JT8D-15,13.44,871,0.18,892301,90,2000,2712,113768,370,2,2,1,2,0.1493333333,133250.2827
352,Viscount,321,RR Dart 510,25,490,0.22,927749,75,5280,3040,10818,400,2,6,2,2,0.3333333333,309249.6667
173,ATR 72-600,175,PW 127E,7.6,550,0.1,928466,74,6500,2800,20890,550,2,2,1,1,0.1027027027,95355.96757
173,ATR 72-600,177,PW 127M,7.76,528,0.1,928466,74,6500,2800,20890,550,2,2,1,1,0.1048648649,97363.46162
173,ATR 72-600,176,PW 127F,8.56,612,0.1,928466,74,6500,2800,20890,550,2,2,1,1,0.1156756757,107400.9319
213,DC-9-21,213,PW JT8D-9,15.12,913,0.18,957060,90,2000,2977,129203,360,2,2,1,2,0.168,160786.08
250,Il-18V,245,Ivchenko AI-20K,9.4,589,0.12,1024410,90,2000,3100,148539,320,5,2,1,3,0.1044444444,106993.9333
89,ARJ21-700,116,General Electric CF34-10A,9.27,929,0.11,1028514,78,7500,2200,20570,510,2,3,1,2,0.1188461538,122234.9331
106,Saab 2000,133,RR AE 2100,6.42,736,0.08,1033701,58,2000,2185,64606,460,2,2,1,2,0.1106896552,114420.0072
284,Tu-110,275,Lyulka AL-7,17.44,898,0.2,1049234,100,2000,3450,162631,360,3,3,1,4,0.1744,182986.4096
154,CRJ 701,168,GE CF34-8C1,9.36,878,0.11,1052956,70,2000,2655,47383,500,2,2,1,2,0.1337142857,140795.2594
291,Caravelle 11R,282,P&W JT8D-7,10.4,896,0.12,1089317,99,7550,2300,141611,350,3,3,1,2,0.1050505051,114433.301
339,CV-880,316,GE CJ-805-3,21.12,979,0.22,1096733,110,8050,4636,52095,400,2,4,2,3,0.192,210572.736
339,CV-880,317,GE-CJ-805-3B,22.66,1028,0.22,1096733,110,8050,4636,52095,400,2,4,2,3,0.206,225926.998
274,F28-2000,268,"RR RB183-2 ""Spey"" Mk555-15",10.2,908,0.12,1100175,79,2000,2743,132021,350,2,2,1,3,0.1291139241,142047.9114
85,An-10,112,Ivchenko AI-20,14.98,727,0.18,1104705,100,6500,4075,165706,370,3,3,1,5,0.1498,165484.809
328,Falcon 2000LX,310,PW308C,23.1,1092,0.22,1104727,19,5436,7400,2379975,400,2,2,1,1,1.215789474,1343115.458
131,ERJ 145XR,159,RR AE-3007A1E,5.15,909,0.06,1129212,50,2000,3705,62107,490,2,2,1,2,0.103,116308.836
90,ARJ21-900,116,General Electric CF34-10A,10.3,929,0.12,1130706,98,7900,2200,22614,510,2,2,1,3,0.1051020408,118839.5082
150,Challenger 604,166,GE CF-34-3B,4.6,799,0.06,1143957,19,3780,9680,65778,450,2,1,1,1,0.2421052632,276958.0105
152,CRJ 700,167,GE CF-34-8C1,8.82,793,0.11,1174846,68,2000,3121,52868,490,2,2,1,2,0.1297058824,152384.4371
87,An-12,113,Progress AI-20L,12.6,663,0.18,1192364,124,6500,3600,178855,350,5,3,2,5,0.1016129032,121159.5677
87,An-12,114,AI-20M,13.02,663,0.18,1192364,124,6500,3600,178855,350,5,3,2,5,0.105,125198.22
86,An-10A,112,Ivchenko AI-20,14.98,727,0.18,1215176,110,6500,4075,182276,350,3,3,1,5,0.1361818182,165484.8771
292,Caravelle 10B,282,P&W JT8D-7,11.44,924,0.14,1220219,105,7500,2650,167780,320,3,3,1,3,0.108952381,132945.7653
101,L-188 Electra,128,Allison 501-D13,12.48,593,0.16,1242421,127,2000,3450,186363,390,3,3,2,5,0.09826771654,122089.8746
252,Il-18I,246,Ivchenko AI-20M,10.78,579,0.14,1266516,122,2000,3100,196310,350,5,3,2,3,0.08836065574,111910.1843
155,CRJ 701ER,168,GE CF34-8C1,9.36,878,0.11,1271479,70,2000,3206,57217,490,2,2,1,2,0.1337142857,170014.9063
290,Caravelle 10R,282,P&W JT8D-7,10.4,896,0.12,1322298,80,7500,3455,178510,360,3,2,1,2,0.13,171898.74
165,CRJ 700NG,170,GE CF34-8C5B1,7.92,840,0.1,1335683,70,2000,2735,40070,460,2,2,1,2,0.1131428571,151122.9909
157,CRJ 702,168,GE CF34-8C1,9.36,858,0.11,1347617,78,2000,3121,60643,450,2,2,1,2,0.12,161714.04
158,CRJ 705,168,GE CF34-8C1,9.36,878,0.11,1352951,75,2000,3184,27059,510,2,2,1,2,0.1248,168848.2848
336,727-100,212,PW JT8D-7,12.48,916,0.17,1364217,131,8300,3056,64800,400,2,6,2,4,0.09526717557,129965.1005
336,727-100,313,PW JT8D-9,13,1009,0.17,1364217,131,8300,3056,64800,400,2,6,2,4,0.09923664122,135380.313
153,CRJ 700ER,167,GE CF-34-8C1,8.82,793,0.11,1383766,68,2000,3676,62269,470,2,2,1,2,0.1297058824,179482.59
327,Falcon 2000,309,GE CFE738-1-1B,18.62,1039,0.2,1393600,19,5436,5790,2156196,400,2,2,1,1,0.98,1365728
199,DC-7,201,R-3350-18EA1,17.12,575,0.2,1428866,99,2000,7410,235763,380,4,2,1,2,0.1729292929,247092.7871
251,Il-18D,246,Ivchenko AI-20M,10.78,579,0.14,1439984,100,2000,6500,208798,380,5,2,1,3,0.1078,155230.2752
156,CRJ 701LR,168,GE CF34-8C1,9.36,878,0.11,1470569,70,2000,3708,66176,500,2,2,1,2,0.1337142857,196636.0834
164,CRJ 900NG,169,GE CF34-8C5,7.28,837,0.1,1498256,88,2000,2421,59930,470,2,2,1,2,0.08272727273,123946.6327
91,ARJ21-700ER,116,General Electric CF34-10A,10.3,929,0.12,1513551,78,7800,3700,30271,510,2,2,1,3,0.1320512821,199866.35
34,B737-100,45,JT8D-7,12.12,795,0.15,1514699,118,7550,3440,193124,360,2,4,2,7,0.1027118644,155577.5583
161,CRJ 900,169,GE CF34-8C5,8.19,836,0.11,1530636,86,2000,2956,61225,490,2,2,1,2,0.09523255814,145766.3819
159,CRJ 705ER,168,GE CF34-8C1,9.36,878,0.11,1544590,75,2000,3635,30892,550,2,2,1,2,0.1248,192764.832
221,An-74TK-300,218,Lotarev D-36-(4A) ,5.7,582,0.08,1550016,60,7500,3600,69751,480,2,2,1,2,0.095,147251.52
184,Tu-334-200,188,D436-T2,9.72,828,0.11,1553460,126,2000,2200,77673,500,2,3,2,3,0.07714285714,119838.3429
200,DC-7B,202,R-3350-18EA1,17.28,609,0.2,1558217,100,2000,8000,257106,340,4,2,1,2,0.1728,269259.8976
160,CRJ 705LR,168,GE CF34-8C1,9.36,878,0.11,1573060,75,2000,3702,31461,550,2,2,1,2,0.1248,196317.888
241,B737-200C,212,PW JT8D-7,13.44,772,0.18,1580983,110,7550,4622,201575,350,2,3,2,5,0.1221818182,193167.3775
241,B737-200C,235,PW JT8D-9A,14.84,787,0.18,1580983,110,7550,4622,201575,350,2,3,2,5,0.1349090909,213288.9793
241,B737-200C,213,PW JT8D-9,15.12,795,0.18,1580983,110,7550,4622,201575,350,2,3,2,5,0.1374545455,217313.2996
346,Superjet 100-75,44,SaM146,19.26,1016,0.13,1593374,78,4970,2900,28185,400,2,5,2,3,0.2469230769,393440.8108
140,ERJ 190-200,34,GE CF34-10E,10.1,870,0.12,1598528,122,2000,2593,59945,500,2,2,2,2,0.08278688525,132337.1541
26,Superjet 100-95,44,SaM146,9.63,839,0.11,1610270,98,2000,2950,32205,500,2,2,1,2,0.09826530612,158233.6745
185,Tu-334-220,189,BR715-56,8.19,799,0.11,1610294,126,2000,2200,80515,480,2,3,2,3,0.065,104669.11
345,Superjet 100-60,44,SaM146,17.12,1016,0.11,1642969,68,4900,3204,30541,400,2,4,2,3,0.2517647059,413641.6071
135,ERJ 170-200,160,GE CF34-8E,9.54,890,0.11,1734433,88,2000,3334,69377,470,2,2,1,2,0.1084090909,188028.3048
293,Caravelle 12,283,P&W JT8D-9,13.65,924,0.16,1740539,140,7600,3465,208865,340,3,3,2,3,0.0975,169702.5525
186,Tu-334-100,190,D-436T-1,8.1,795,0.11,1800602,102,2000,3150,90030,450,2,3,1,3,0.07941176471,142988.9824
100,L-1049G Super Constellation,127,Wright R-3350-DA3 Turbo Compound,25.2,596,0.3,1802354,95,2000,8700,306400,390,4,2,1,4,0.2652631579,478098.1137
201,DC-7C,203,R-3350-18EA4,15.2,499,0.2,1806145,105,2000,9070,298014,320,4,2,1,2,0.1447619048,261460.9905
201,DC-7C,201,R-3350-18EA1,17.12,560,0.2,1806145,105,2000,9070,298014,320,4,2,1,2,0.163047619,294487.6419
166,CRJ 1000,172,GE CF34-8C5A2,7.44,802,0.1,1819929,100,5499,2760,54598,450,2,2,1,2,0.0744,135402.7176
166,CRJ 1000,171,GE CF34-8C5A1,8.32,876,0.1,1819929,100,5499,2760,54598,450,2,2,1,2,0.0832,151418.0928
162,CRJ 900ER,169,GE CF34-8C5,8.19,807,0.11,1823606,90,2000,3488,72944,460,2,3,1,2,0.091,165948.146
132,ERJ 170-100,160,GE CF34-8E,8.48,890,0.1,1839550,80,2000,3334,78181,460,2,2,1,2,0.106,194992.3
138,ERJ 190-100,34,GE CF34-10E,10.1,870,0.12,1853174,110,2000,3334,64861,470,2,2,1,2,0.09181818182,170155.0673
45,B737-500,57,CFM-56-3B-1,11.7,717,0.16,1856353,123,7550,4449,148508,370,2,5,2,6,0.09512195122,176579.9195
242,B737-200Adv,236,PW JT8D-17R,11.83,756,0.16,1893733,102,7550,5473,227248,390,2,3,1,5,0.1159803922,219635.896
242,B737-200Adv,237,PW JT8D-17A,12.09,733,0.16,1893733,102,7550,5473,227248,390,2,3,1,5,0.1185294118,224463.0585
242,B737-200Adv,215,PW JT8D-17,12.22,772,0.16,1893733,102,7550,5473,227248,390,2,3,1,5,0.1198039216,226876.6398
242,B737-200Adv,214,PW JT8D-15,12.48,741,0.16,1893733,102,7550,5473,227248,390,2,3,1,5,0.1223529412,231703.8024
242,B737-200Adv,238,PW JT8D-17AR,13.39,858,0.16,1893733,102,7550,5473,227248,390,2,3,1,5,0.1312745098,248598.8713
242,B737-200Adv,134,PW JT8D-15A,14.17,873,0.16,1893733,102,7550,5473,227248,390,2,3,1,5,0.1389215686,263080.3589
231,MD-87,226,PW JT8D-217C,13.58,738,0.18,1995393,139,2000,4440,209516,400,2,3,2,3,0.09769784173,194945.5895
136,ERJ 170-200LR,160,GE CF34-8E,9.54,890,0.11,2023158,88,2000,3889,80926,470,2,2,1,2,0.1084090909,219328.7195
141,ERJ 190-200LR,34,GE CF34-10E,10.1,870,0.12,2055338,122,2000,3334,61660,490,2,2,2,2,0.08278688525,170155.0311
163,CRJ 900LR,169,GE CF34-8C5,8.19,807,0.11,2092337,90,2000,4002,83693,500,2,3,1,2,0.091,190402.667
133,ERJ 170-100LR,160,GE CF34-8E,8.48,890,0.1,2145774,80,2000,3889,80467,470,2,2,1,2,0.106,227452.044
6,MD80,11,P&W JT8D-209,16.96,819,0.2,2161616,130,2000,6000,210758,340,2,4,2,3,0.1304615385,282007.7489
6,MD80,12,P&W JT8D-219,17.44,867,0.2,2161616,130,2000,6000,210758,340,2,4,2,3,0.1341538462,289989.1003
137,ERJ 170-200AR,160,GE CF34-8E,8.48,890,0.1,2172603,85,2000,3706,81473,460,2,2,1,1,0.09976470588,216749.0993
107,B737-200,134,PW JT8D-15A,13.08,957,0.15,2217362,130,7550,4170,299344,350,2,4,2,7,0.1006153846,223100.7305
244,B717-200,241,RR BR715-C1-30,8.46,761,0.11,2238611,134,6450,3815,117527,500,2,3,1,3,0.06313432836,141333.2019
244,B717-200,240,RR BR715-A1-30,8.64,761,0.11,2238611,134,6450,3815,117527,500,2,3,1,3,0.06447761194,144340.2913
228,MD-81,224,PW JT8D-209,17.44,819,0.2,2296357,172,2000,2910,241117,340,2,3,2,3,0.1013953488,232839.9191
182,Tu-334-100D,188,D436-T2,9.72,828,0.11,2343641,102,2000,4100,117182,450,2,3,1,3,0.09529411765,223335.2012
139,ERJ 190-100LR,34,GE CF34-10E,10.1,870,0.12,2367883,110,2000,4260,76956,490,2,2,1,2,0.09181818182,217414.7118
46,B737-600,53,CFM 56-7,11.4,761,0.15,2460985,110,7550,5648,129202,480,2,3,1,4,0.1036363636,255047.5364
108,B737-300,135,CFM56-3,12,795,0.15,2464401,128,7550,4707,215635,360,2,4,2,6,0.09375,231037.5938
19,ERJ 190-100AR,34,GE CF34-10E,10.1,870,0.12,2472381,110,2000,4448,86533,490,2,2,1,1,0.09181818182,227009.5282
134,ERJ 170-100AR,160,GE CF34-8E,7.42,890,0.09,2512492,78,2000,3892,69094,500,2,2,1,1,0.09512820513,239008.8544
183,Tu-334-120D,189,BR715-56,7.28,733,0.1,2600869,102,2000,4100,130043,460,2,3,1,3,0.07137254902,185630.6502
302,C S100,291,PW1521G,12.72,854,0.15,2697150,110,4449,5463,53943,550,2,4,2,4,0.1156363636,311888.6182
302,C S100,292,PW1524G,12.96,904,0.15,2697150,110,4449,5463,53943,550,2,4,2,4,0.1178181818,317773.3091
302,C S100,290,PW1519G,13.2,904,0.15,2697150,110,4449,5463,53943,550,2,4,2,4,0.12,323658
142,ERJ 190-200AR,34,GE CF34-10E,9.09,870,0.11,2825347,120,2000,4077,84760,500,2,2,2,1,0.07575,214020.0353
229,MD-88,227,PW JT8D-219,14.88,746,0.2,2998679,172,2000,3800,314861,340,2,3,2,3,0.08651162791,259420.6019
229,MD-88,226,PW JT8D-217C,15.52,738,0.2,2998679,172,2000,3800,314861,340,2,3,2,3,0.09023255814,270578.4772
229,MD-88,225,PW JT8D-217A,17.44,908,0.2,2998679,172,2000,3800,314861,340,2,3,2,3,0.1013953488,304052.1033
232,MD-90-30,228,IAE V2525-D5,14.88,738,0.2,3049783,172,2000,3860,198236,470,2,3,2,3,0.08651162791,263841.6921
232,MD-90-30,229,IAE V2528-D5,17.44,909,0.2,3049783,172,2000,3860,198236,470,2,3,2,3,0.1013953488,309233.8112
43,B737-700C,55,CFM56-7,11.11,831,0.14,3118288,120,7550,5940,171506,480,2,2,2,3,0.09258333333,288701.4973
309,E175-E2,295,PW1715G,11.33,965,0.14,3197562,80,4265,3820,63951,500,2,2,1,1,0.141625,452854.7183
322,A220-100,291,PW1521G,10.6,897,0.09,3234528,135,4790,5750,153640,400,2,3,3,2,0.07851851852,253970.3467
322,A220-100,306,PW1525G,10.6,966,0.09,3234528,135,4790,5750,153640,400,2,3,3,2,0.07851851852,253970.3467
322,A220-100,292,PW1524G,10.8,949,0.09,3234528,135,4790,5750,153640,400,2,3,3,2,0.08,258762.24
322,A220-100,290,PW1519G,11,949,0.09,3234528,135,4790,5750,153640,400,2,3,3,2,0.08148148148,263554.1333
44,B737-400,56,CFM-56-3B-2,14,733,0.18,3282313,159,7550,4010,270791,330,2,4,2,5,0.08805031447,289008.6918
310,E190-E2,299,PW1923G,10.67,783,0.14,3387562,97,4314,3820,67751,510,2,2,1,1,0.11,372631.82
310,E190-E2,297,PW1921G,10.78,843,0.14,3387562,97,4314,3820,67751,510,2,2,1,1,0.1111340206,376473.3852
310,E190-E2,298,PW1922G,11.11,904,0.14,3387562,97,4314,3820,67751,510,2,2,1,1,0.1145360825,387998.0806
310,E190-E2,296,PW1919G,11.77,930,0.14,3387562,97,4314,3820,67751,510,2,2,1,1,0.1213402062,411047.4715
331,Spacejet M90,295,PW1715G,12.36,1123,0.12,3387562,92,5710,3770,10374061,400,2,5,2,2,0.1343478261,455111.5904
233,MD-90-30ER,228,IAE V2525-D5,14.88,738,0.2,3495399,172,2000,4424,227201,450,2,3,2,3,0.08651162791,302392.6577
233,MD-90-30ER,229,IAE V2528-D5,17.44,909,0.2,3495399,172,2000,4424,227201,450,2,3,2,3,0.1013953488,354417.2009
177,CL-44D,183,RR Tyne 515/50,13.13,710,0.16,3613052,160,8050,4855,523893,340,3,3,2,4,0.0820625,296496.0798
230,MD-83,227,PW JT8D-219,14.88,746,0.2,3661545,172,2000,4640,384462,380,2,3,2,3,0.08651162791,316766.2186
234,MD-90-50,229,IAE V2528-D5,17.44,909,0.2,4076912,172,2000,5160,264999,450,2,3,2,3,0.1013953488,413379.9144
41,B737-700,53,CFM 56-7,10.45,761,0.14,4085576,149,7550,6230,214493,500,2,4,2,3,0.07013422819,286538.7195
347,Superjet 100-95LR,44,SaM146,20.33,1016,0.15,4114953,98,6730,4578,52960,400,2,6,3,3,0.2074489796,853642.8009
243,B707,239,PW JT3D,18.36,1006,0.22,4169974,144,6450,9913,677621,360,2,4,2,6,0.1275,531671.685
311,E195-E2,299,PW1923G,12.61,783,0.16,4216798,120,4593,3820,84336,550,2,3,1,2,0.1050833333,443115.1898
311,E195-E2,297,PW1921G,12.74,843,0.16,4216798,120,4593,3820,84336,550,2,3,1,2,0.1061666667,447683.3877
311,E195-E2,298,PW1922G,13.13,904,0.16,4216798,120,4593,3820,84336,550,2,3,1,2,0.1094166667,461387.9812
311,E195-E2,296,PW1919G,13.91,930,0.16,4216798,120,4593,3820,84336,550,2,3,1,2,0.1159166667,488797.1682
33,A318-100,49,PW6122A,7.44,764,0.1,4380431,117,6500,6020,175217,450,2,3,2,3,0.06358974359,278550.4841
33,A318-100,10,CFM56-5,8.4,834,0.1,4380431,117,6500,6020,175217,450,2,3,2,3,0.07179487179,314492.4821
3,B737-800,8,CFM56-7B27,9.4,725,0.12,4407858,184,7550,7000,231413,470,2,4,2,2,0.05108695652,225184.05
187,Tu-154M,47,Soloviev D-30KU-154,13.02,893,0.18,4514400,180,2000,4000,395010,320,2,4,2,5,0.07233333333,326541.6
333,MC-21-200,312,PW1400G,14.42,1095,0.13,4522716,162,6400,5000,214829,400,2,7,3,3,0.08901234568,402577.56
334,MC-21-300,312,PW1400G,17.51,1095,0.14,4552276,198,6600,5000,216233,400,2,8,3,3,0.08843434343,402577.5392
202,DC-8-10,204,PW JT3C-6,19.62,902,0.22,4812350,160,2000,7410,733883,380,3,3,2,3,0.122625,590114.4188
27,B727-200,45,JT8D-7,15.15,972,0.19,4883110,189,6450,4450,671428,340,3,8,2,5,0.08015873016,391423.8968
303,C S300,291,PW1521G,14.84,854,0.18,4984356,135,4800,5463,99687,500,2,6,2,4,0.1099259259,547909.9484
303,C S300,292,PW1524G,15.12,904,0.18,4984356,135,4800,5463,99687,500,2,6,2,4,0.112,558247.872
332,Spacejet M100,295,PW1715G,13.39,1123,0.14,5071399,88,5770,3540,8600891,400,2,5,2,2,0.1521590909,771659.4615
4,A319-200,9,IAE V2500,7.76,756,0.1,5093525,117,6850,7000,292878,470,2,3,2,2,0.06632478632,337826.9573
4,A319-200,10,CFM56-5,8.4,834,0.1,5093525,117,6850,7000,292878,470,2,3,2,2,0.07179487179,365688.9744
29,Tu-154,47,Soloviev D-30KU-154,14.88,893,0.2,5107721,180,2000,5280,600157,390,3,8,2,4,0.08266666667,422238.2693
206,DC-8-61,209,PW JT3D-3B,18.43,852,0.24,5189932,210,2000,6035,687666,380,3,4,2,4,0.08776190476,455478.3179
344,MC-21-400,312,PW1400G,19.57,1095,0.16,5204503,230,6800,5500,247214,400,2,9,4,4,0.08508695652,442835.3205
203,DC-8-20,205,PW JT4A-9,18.18,876,0.22,5256539,170,2000,7410,801622,320,3,3,2,3,0.1069411765,562140.4648
50,B737-900,55,CFM56-7,10.1,836,0.12,5535200,177,7550,3815,193732,470,2,4,2,2,0.05706214689,315850.3955
323,A220-300,291,PW1521G,12.72,897,0.1,5619831,160,4900,6110,266942,400,2,5,3,4,0.0795,446776.5645
323,A220-300,306,PW1525G,12.72,966,0.1,5619831,160,4900,6110,266942,400,2,5,3,4,0.0795,446776.5645
323,A220-300,292,PW1524G,12.96,949,0.1,5619831,160,4900,6110,266942,400,2,5,3,4,0.081,455206.311
323,A220-300,290,PW1519G,13.2,949,0.1,5619831,160,4900,6110,266942,400,2,5,3,4,0.0825,463636.0575
42,B737-700ER,54,CFM56-7B,10.78,770,0.14,5656525,126,7550,10200,169696,460,2,2,2,3,0.08555555556,483947.1389
209,DC-8-71,211,CFM56-2C5,17.67,807,0.24,5850306,210,2000,7035,541153,370,3,4,2,4,0.08414285714,492261.462
298,Tu-204-300,249,Aviadvigatel PS-90A,12.74,833,0.16,5991344,164,2000,5800,359481,490,3,6,2,4,0.07768292683,465425.1376
190,Tu-204-120,192,RB.211-535E4,11.44,834,0.14,6137208,210,2000,4100,383576,480,2,4,2,4,0.05447619048,334331.712
340,CV-990A,318,GE CJ-805-23B,23.04,999,0.25,6211896,149,5350,5785,13120065,400,2,5,2,3,0.1546308725,960550.8983
253,Il-62,247,Kuznetsov NK84,18.02,892,0.21,6302498,186,2000,7550,819325,380,5,4,2,4,0.09688172043,610596.8492
191,Tu-204-100,191,PS-90А,10.78,729,0.14,6436584,210,2000,4300,402287,470,2,4,2,4,0.05133333333,330411.312
189,Tu-214,191,PS-90А,10.78,729,0.14,6497956,210,2000,4341,406122,490,2,4,2,5,0.05133333333,333561.7413
325,C919,307,LEAP-1C,11.44,979,0.12,6517748,168,5200,5555,309593,400,2,3,1,4,0.0680952381,443827.6019
204,DC-8-40,206,PW JT4A-11,17.51,915,0.21,6669034,176,2000,8230,1017028,360,3,3,2,3,0.09948863636,663493.0985
204,DC-8-40,207,RR Conway,18.7,915,0.21,6669034,176,2000,8230,1017028,360,3,3,2,3,0.10625,708584.8625
5,A320-200,9,IAE V2500,10.67,798,0.14,6770196,164,7000,5700,524690,360,2,4,2,2,0.06506097561,440475.5568
5,A320-200,10,CFM56-5,11.55,880,0.14,6770196,164,7000,5700,524690,360,2,4,2,2,0.07042682927,476803.4378
109,DC-10-10,136,GE CF6-6D,20.33,1007,0.24,6806411,250,2000,6436,816769,360,3,8,2,5,0.08132,553497.3425
321,A319NEO,304,LEAP-1A,10.45,812,0.08,6845472,160,6000,6950,325160,400,2,5,2,4,0.0653125,447094.89
321,A319NEO,305,PW PW1100G,11,949,0.08,6845472,160,6000,6950,325160,400,2,5,2,4,0.06875,470626.2
32,B757-300,26,PW2040,15.3,773,0.21,7002640,243,7800,6421,367639,470,2,9,2,5,0.06296296296,440906.963
32,B757-300,25,PW2037,15.81,841,0.21,7002640,243,7800,6421,367639,470,2,9,2,5,0.0650617284,455603.8617
32,B757-300,24,RR RB211,17,799,0.21,7002640,243,7800,6421,367639,470,2,9,2,5,0.06995884774,489896.6255
32,B757-300,27,PW2043,18.36,867,0.21,7002640,243,7800,6421,367639,470,2,9,2,5,0.07555555556,529088.3556
254,Il-62M,248,Soloviev D30KU,16.32,932,0.2,7065274,168,2000,8850,847833,390,5,4,2,4,0.09714285714,686340.9029
71,B767-200,96,JT9D-7R4,15.81,894,0.21,7882711,224,7800,7300,807978,320,2,7,2,4,0.07058035714,556364.5576
71,B767-200,95,CF6-80C3,17.68,931,0.21,7882711,224,7800,7300,807978,320,2,7,2,4,0.07892857143,622171.1182
71,B767-200,93,PW 4000,17.85,949,0.21,7882711,224,7800,7300,807978,320,2,7,2,4,0.0796875,628153.5328
71,B767-200,94,CF6-80A,18.19,1013,0.21,7882711,224,7800,7300,807978,320,2,7,2,4,0.08120535714,640118.362
16,A321-200,9,IAE V2500,17.46,756,0.15,8154432,220,7250,6000,509652,500,2,4,2,2,0.07936363636,647165.376
16,A321-200,10,CFM56-5,18.9,834,0.15,8154432,220,7250,6000,509652,500,2,4,2,2,0.08590909091,700539.84
255,Il-62MK,248,Soloviev D30KU,18.36,943,0.22,8204625,195,2000,10000,840974,340,5,4,2,4,0.09415384615,772497
326,Dassault Mercure,308,PWJT9D-25W,25.22,832,0.25,8434010,150,2000,1700,20615,400,2,4,2,1,0.1681333333,1418038.215
207,DC-8-62,209,PW JT3D-3B,18.43,855,0.24,8696462,220,2000,9620,1130540,400,3,4,2,4,0.08377272727,728526.3394
48,B737-900ER,55,CFM56-7,11.11,831,0.14,9225912,215,7550,5925,507425,500,2,5,2,2,0.0516744186,476743.6387
205,DC-8-50,208,PW JT3D-3,16.49,843,0.21,9354363,179,2000,11260,1426540,360,3,3,2,3,0.09212290503,861751.0942
13,B757-200,26,PW2040,10.8,773,0.15,9723701,200,7800,7222,899442,370,2,5,2,3,0.054,525079.854
13,B757-200,25,PW2037,11.16,841,0.15,9723701,200,7800,7222,899442,370,2,5,2,3,0.0558,542582.5158
13,B757-200,24,RR RB211,12,799,0.15,9723701,200,7800,7222,899442,370,2,5,2,3,0.06,583422.06
13,B757-200,27,PW2043,12.96,867,0.15,9723701,200,7800,7222,899442,370,2,5,2,3,0.0648,630095.8248
210,DC-8-72,211,CFM56-2C5,16.74,807,0.22,9830403,220,2000,10620,909312,400,3,4,2,4,0.07609090909,748004.301
47,A300B2-200,59,PW JT9D-9,16.38,762,0.22,11605297,269,7625,3430,1305596,350,3,9,2,5,0.06089219331,706671.9883
47,A300B2-200,58,CF6-50C,19.08,863,0.22,11605297,269,7625,3430,1305596,350,3,9,2,5,0.07092936803,823156.382
21,B767-200ER,37,GE CF6-80C2,16.32,995,0.2,14114834,224,7800,12200,1305622,350,2,7,2,4,0.07285714286,1028366.477
21,B767-200ER,36,PW4094,17.6,976,0.2,14114834,224,7800,12200,1305622,350,2,7,2,4,0.07857142857,1109022.671
300,A320-NEO,288,PW PW1100G,7.07,892,0.09,14770196,164,7000,7000,295404,540,2,4,2,2,0.0431097561,636739.5471
300,A320-NEO,287,CFM LEAP-X,7.7,884,0.09,14770196,164,7000,7000,295404,540,2,4,2,2,0.04695121951,693478.7146
39,A340-200,18,CFM56-5C4,18,869,0.22,15688189,239,9810,14800,1019732,500,2,8,2,5,0.07531380753,1181537.247
39,A340-200,17,CFM56-5C3,18.18,949,0.22,15688189,239,9810,14800,1019732,500,2,8,2,5,0.07606694561,1193352.619
39,A340-200,16,CFM56-5C2,18.54,931,0.22,15688189,239,9810,14800,1019732,500,2,8,2,5,0.07757322176,1216983.364
313,B737 MAX 7,286,CFM LEAP-1B,7.21,880,0.09,17346513,160,7300,6850,346930,550,2,3,2,2,0.0450625,781677.2421
312,B737 MAX 8,286,CFM LEAP-1B,7.21,880,0.09,18011300,180,7500,6500,360226,520,2,3,2,2,0.04005555556,721452.6278
299,B737 MAX 9,286,CFM LEAP-1B,7.21,880,0.09,18849600,200,7550,7000,376992,500,2,4,2,2,0.03605,679528.08
17,B787-8,32,GE GEnx,14.4,812,0.2,19411920,250,9000,14500,679417,450,2,8,2,2,0.0576,1118126.592
17,B787-8,31,RR Trent 1000,15.2,821,0.2,19411920,250,9000,14500,679417,450,2,8,2,2,0.0608,1180244.736
314,B737 MAX 10,286,CFM LEAP-1B,7.21,880,0.1,19649600,225,7600,7000,400000,450,2,5,2,2,0.03204444444,629660.5156
49,A300B4-200,59,PW JT9D-9,16.38,762,0.22,21315852,269,7625,6300,1971716,330,3,9,2,5,0.06089219331,1297968.981
49,A300B4-200,58,CF6-50C,19.08,863,0.22,21315852,269,7625,6300,1971716,330,3,9,2,5,0.07092936803,1511919.911
306,A321-NEO,288,PW PW1100G,10.1,892,0.12,22760999,189,7250,7250,455220,550,2,4,2,2,0.05343915344,1216328.518
306,A321-NEO,287,CFM LEAP-X,11,884,0.12,22760999,189,7250,7250,455220,550,2,4,2,2,0.0582010582,1324714.228
72,B767-300,96,JT9D-7R4,17.67,833,0.24,23356202,269,7800,7300,2102058,390,2,9,2,5,0.06568773234,1534215.946
72,B767-300,95,CF6-80C3,19.76,868,0.24,23356202,269,7800,7300,2102058,390,2,9,2,5,0.07345724907,1715682.348
72,B767-300,93,PW 4000,19.95,885,0.24,23356202,269,7800,7300,2102058,390,2,9,2,5,0.07416356877,1732179.293
72,B767-300,94,CF6-80A,20.33,944,0.24,23356202,269,7800,7300,2102058,390,2,9,2,5,0.07557620818,1765173.185
208,DC-8-63,210,PW JT3D-7,17.86,883,0.24,24540066,259,2000,7600,3128858,350,3,4,2,4,0.06895752896,1692222.312
110,DC-10-15,137,GE CF6-50C2F,16.74,853,0.22,24540516,260,2000,7000,2331349,320,2,9,2,4,0.06438461538,1580031.684
51,A300-600,61,CF6-80C2A5,15.47,813,0.21,24683135,267,7625,6670,2098066,330,2,9,2,5,0.05794007491,1430142.691
51,A300-600,62,PW-4156,17,813,0.21,24683135,267,7625,6670,2098066,330,2,9,2,5,0.06367041199,1571585.375
51,A300-600,63,PW-4158,17.17,980,0.21,24683135,267,7625,6670,2098066,330,2,9,2,5,0.0643071161,1587301.228
51,A300-600,60,CF6-80C2A1,18.02,962,0.21,24683135,267,7625,6670,2098066,330,2,9,2,5,0.0674906367,1665880.497
30,L-1011-200,48,RR RB211-524B,17.28,837,0.22,24777200,263,2000,7420,2663549,370,3,9,2,4,0.06570342205,1627946.829
53,A310-200,69,CF6-80C2A8,14.88,816,0.2,27466560,280,7000,6800,2540657,340,2,10,2,5,0.05314285714,1459651.474
53,A310-200,68,CF6-80C2A2,15.68,765,0.2,27466560,280,7000,6800,2540657,340,2,10,2,5,0.056,1538127.36
53,A310-200,64,PW 4156,15.68,807,0.2,27466560,280,7000,6800,2540657,340,2,10,2,5,0.056,1538127.36
53,A310-200,70,PW 4152,16.8,918,0.2,27466560,280,7000,6800,2540657,340,2,10,2,5,0.06,1647993.6
53,A310-200,67,CF6-80A3,17.12,918,0.2,27466560,280,7000,6800,2540657,340,2,10,2,5,0.06114285714,1679383.954
53,A310-200,66,JT9D-7R4D1,17.28,935,0.2,27466560,280,7000,6800,2540657,340,2,10,2,5,0.06171428571,1695079.131
52,A300-600R,61,CF6-80C2A5,15.47,813,0.21,27773153,267,7625,7505,2152419,370,2,9,2,6,0.05794007491,1609178.565
52,A300-600R,64,PW 4156,16.66,831,0.21,27773153,267,7625,7505,2152419,370,2,9,2,6,0.06239700375,1732961.532
52,A300-600R,65,PW 4158,17.17,945,0.21,27773153,267,7625,7505,2152419,370,2,9,2,6,0.0643071161,1786011.375
52,A300-600R,60,CF6-80C2A1,18.02,962,0.21,27773153,267,7625,7505,2152419,370,2,9,2,6,0.0674906367,1874427.779
211,DC-8-73,211,CFM56-2C5,16.74,807,0.22,28278818,259,2000,8650,2615791,370,3,4,2,4,0.06463320463,1827750.631
315,A321-XLR,288,PW PW1100G,14.14,919,0.16,29990999,220,7500,8900,510000,500,2,4,2,2,0.06427272727,1927603.299
315,A321-XLR,287,CFM LEAP-X,15.4,911,0.16,29990999,220,7500,8900,510000,500,2,4,2,2,0.07,2099369.93
256,Il-96-300,249,Aviadvigatel PS-90A,23.52,833,0.3,31671000,300,2000,11500,2454503,370,3,10,2,5,0.0784,2483006.4
351,L-1011-500,48,RR RB211-524B,19.2,876,0.25,33120715,315,9400,9900,1573234,400,2,9,4,4,0.06095238095,2018786.438
36,B767-300ER,51,RR RB211-524H,20.2,936,0.25,33435451,269,7800,11065,2674836,370,2,9,2,5,0.0750929368,2510766.209
36,B767-300ER,37,GE CF6-80C2,20.4,927,0.25,33435451,269,7800,11065,2674836,370,2,9,2,5,0.07583643123,2535625.28
36,B767-300ER,36,PW4094,22,910,0.25,33435451,269,7800,11065,2674836,370,2,9,2,5,0.08178438662,2734497.851
37,B767-400ER,37,GE CF6-80C2,21.42,927,0.26,33694208,304,7800,10415,2695537,360,2,10,2,5,0.07046052632,2374111.629
37,B767-400ER,36,PW4094,23.1,910,0.26,33694208,304,7800,10415,2695537,360,2,10,2,5,0.07598684211,2560316.463
111,DC-10-30,138,GE CF6-50C,19.4,871,0.25,36409376,320,2000,9493,4278102,400,3,10,2,5,0.060625,2207318.42
55,A310-300,69,CF6-80C2A8,14.88,816,0.2,38776320,280,6000,9600,3295987,340,2,9,2,5,0.05314285714,2060684.434
55,A310-300,68,CF6-80C2A2,15.68,765,0.2,38776320,280,6000,9600,3295987,340,2,9,2,5,0.056,2171473.92
55,A310-300,64,PW 4156,15.68,807,0.2,38776320,280,6000,9600,3295987,340,2,9,2,5,0.056,2171473.92
55,A310-300,70,PW 4152,16.8,918,0.2,38776320,280,6000,9600,3295987,340,2,9,2,5,0.06,2326579.2
55,A310-300,67,CF6-80A3,17.12,918,0.2,38776320,280,6000,9600,3295987,340,2,9,2,5,0.06114285714,2370894.994
55,A310-300,66,JT9D-7R4D1,17.28,935,0.2,38776320,280,6000,9600,3295987,340,2,9,2,5,0.06171428571,2393052.891
258,Il-96-400,251,Aviadvigatel PS-90A1,27.72,809,0.35,40441348,436,2000,10000,2224274,460,3,13,4,7,0.06357798165,2571179.281
335,747SP,75,PW JT9D7A,20.24,980,0.26,40824000,350,7545,10800,1939140,400,3,11,2,6,0.05782857143,2360793.6
335,747SP,76,PW JT9D7F,20.24,970,0.26,40824000,350,7545,10800,1939140,400,3,11,2,6,0.05782857143,2360793.6
335,747SP,48,RR RB211-524B,21.12,980,0.26,40824000,350,7545,10800,1939140,400,3,11,2,6,0.06034285714,2463436.8
335,747SP,3,RR RB211-524,21.78,990,0.26,40824000,350,7545,10800,1939140,400,3,11,2,6,0.06222857143,2540419.2
7,A330-300,13,CF6-80E1,16.74,801,0.22,43330073,335,9090,10000,3033105,450,2,11,2,2,0.04997014925,2165210.215
7,A330-300,14,PW4000,18,862,0.22,43330073,335,9090,10000,3033105,450,2,11,2,2,0.05373134328,2328183.027
7,A330-300,15,RR Trent 700,19.26,958,0.22,43330073,335,9090,10000,3033105,450,2,11,2,2,0.05749253731,2491155.839
38,A330-200,13,CF6-80E1,15.81,801,0.21,43631874,253,9090,12500,2290673,460,2,8,2,4,0.06249011858,2726560.98
38,A330-200,14,PW4000,17,862,0.21,43631874,253,9090,12500,2290673,460,2,8,2,4,0.06719367589,2931786
38,A330-200,15,RR Trent 700,18.19,958,0.21,43631874,253,9090,12500,2290673,460,2,8,2,4,0.0718972332,3137011.02
61,B747-100,75,PW JT9D7A,20.24,875,0.28,44393752,366,10250,9800,5660203,370,3,11,2,8,0.05530054645,2454998.744
61,B747-100,76,PW JT9D7F,20.24,866,0.28,44393752,366,10250,9800,5660203,370,3,11,2,8,0.05530054645,2454998.744
61,B747-100,77,GE CF645A2,23.32,937,0.28,44393752,366,10250,9800,5660203,370,3,11,2,8,0.06371584699,2828585.51
257,Il-96M,250,PW 2000,24.96,841,0.32,46495680,370,2000,12800,3022219,460,3,11,2,6,0.06745945946,3136573.44
112,DC-10-40,140,PWJT9D-25W,21.2,971,0.25,46926501,360,2000,9322,5396548,330,3,11,2,5,0.05888888889,2763449.503
112,DC-10-40,141,PW  JT9D-49A,21.8,926,0.25,46926501,360,2000,9322,5396548,330,3,11,2,5,0.06055555556,2841660.338
112,DC-10-40,139,PW JT9D-59A,21.8,935,0.25,46926501,360,2000,9322,5396548,330,3,11,2,5,0.06055555556,2841660.338
8,A340-300,18,CFM56-5C4,20,869,0.25,55469568,335,10200,14000,3605522,470,2,10,2,2,0.05970149254,3311616
8,A340-300,17,CFM56-5C3,20.2,949,0.25,55469568,335,10200,14000,3605522,470,2,10,2,2,0.06029850746,3344732.16
8,A340-300,16,CFM56-5C2,20.6,931,0.25,55469568,335,10200,14000,3605522,470,2,10,2,2,0.06149253731,3410964.48
8,A340-300,19,CFM56-5C4P,21.4,1003,0.25,55469568,335,10200,14000,3605522,470,2,10,2,2,0.06388059701,3543429.12
227,MD-11C,223,PW 4462,21.84,849,0.3,56273548,410,2000,12435,4642568,350,3,13,4,5,0.05326829268,2997595.825
227,MD-11C,42,GE CF6-80C2D1F,23.28,788,0.3,56273548,410,2000,12435,4642568,350,3,13,4,5,0.0567804878,3195239.506
227,MD-11C,222,PW 4460,25.92,954,0.3,56273548,410,2000,12435,4642568,350,3,13,4,5,0.0632195122,3557586.254
24,MD-11,42,GE CF6-80C2D1F,23.28,788,0.3,57269139,410,2000,12655,4724704,370,3,13,4,5,0.0567804878,3251769.649
24,MD-11,40,PW4460,24.48,928,0.3,57269139,410,2000,12655,4724704,370,3,13,4,5,0.05970731707,3419386.641
24,MD-11,41,PW4462,25.2,919,0.3,57269139,410,2000,12655,4724704,370,3,13,4,5,0.06146341463,3519956.836
62,B747-200B,79,CF6-50E2,21.34,839,0.28,57530678,366,10250,12700,7047508,360,3,11,2,8,0.05830601093,3354384.34
62,B747-200B,78,JT9D-7R4J2,21.34,821,0.28,57530678,366,10250,12700,7047508,360,3,11,2,8,0.05830601093,3354384.34
62,B747-200B,80,RB211-524D4,21.34,821,0.28,57530678,366,10250,12700,7047508,360,3,11,2,8,0.05830601093,3354384.34
226,MD-11ER,223,PW 4462,21.84,849,0.3,60676778,410,2000,13408,3792299,450,3,13,4,5,0.05326829268,3232148.37
226,MD-11ER,42,GE CF6-80C2D1F,23.28,788,0.3,60676778,410,2000,13408,3792299,450,3,13,4,5,0.0567804878,3445257.053
226,MD-11ER,222,PW 4460,25.92,954,0.3,60676778,410,2000,13408,3792299,450,3,13,4,5,0.0632195122,3835956.307
73,B777-200,99,GE90-77B,17.46,814,0.22,60803647,400,9000,9695,3648219,470,2,11,3,3,0.04365,2654079.192
73,B777-200,97,PW 4077,17.82,823,0.22,60803647,400,9000,9695,3648219,470,2,11,3,3,0.04455,2708802.474
73,B777-200,98,Trent 877,18.54,950,0.22,60803647,400,9000,9695,3648219,470,2,11,3,3,0.04635,2818249.038
58,A350-800,46,RR Trent XWB,15.98,859,0.21,62240270,270,8760,14500,1400406,530,2,9,2,3,0.05918518519,3683701.906
63,B747-300,82,CF6-80C2B1,20.68,884,0.28,63231515,412,10250,12400,6165073,370,3,13,4,6,0.05019417476,3173853.714
63,B747-300,80,RB211-524D4,21.34,821,0.28,63231515,412,10250,12400,6165073,370,3,13,4,6,0.0517961165,3275146.918
63,B747-300,81,JT9D-7R4G2,22.66,973,0.28,63231515,412,10250,12400,6165073,370,3,13,4,6,0.055,3477733.325
15,B777-200LR,29,GE90-110B,17.86,877,0.24,65912406,300,11000,14500,2142153,490,2,10,2,3,0.05953333333,3923985.237
15,B777-200LR,30,GE90-115B,19.19,986,0.24,65912406,300,11000,14500,2142153,490,2,10,2,3,0.06396666667,4216196.904
40,A340-500,52,RR Trent 553,17.1,861,0.24,66262163,313,10200,14500,2816142,480,2,10,2,4,0.05463258786,3620073.442
31,B777-300ER,30,GE90-115B,19.19,1035,0.24,68243786,350,11000,14685,2900361,460,2,11,2,3,0.05482857143,3741709.295
20,A340-600,35,RR Trent 556,20.68,870,0.28,69887329,380,10200,14630,3144930,460,2,11,2,2,0.05442105263,3803342.01
67,B787-9,32,GE GEnx,14.4,812,0.2,69997851,290,9000,14500,2449925,500,2,10,2,2,0.04965517241,3475755.36
67,B787-9,31,RR Trent 1000,15.2,821,0.2,69997851,290,9000,14500,2449925,500,2,10,2,2,0.0524137931,3668852.88
28,A350-900,46,RR Trent XWB,15.98,859,0.21,70503048,314,8760,14500,1410061,550,2,10,2,3,0.05089171975,3588021.36
68,B747-400C,83,CF6-80C2B5F,19.32,819,0.26,72722924,410,10250,13360,5454219,370,3,13,4,5,0.04712195122,3426846.077
68,B747-400C,1,PW4062,20.16,882,0.26,72722924,410,10250,13360,5454219,370,3,13,4,5,0.04917073171,3575839.385
68,B747-400C,89,RB211-524H2-T,22.05,1010,0.26,72722924,410,10250,13360,5454219,370,3,13,4,5,0.0537804878,3911074.327
320,B787-10,31,RR Trent 1000,18.05,859,0.21,72795638,440,8000,12000,3457793,400,3,11,3,10,0.04102272727,2986275.604
320,B787-10,303,General Electric GEnx,18.62,859,0.21,72795638,440,8000,12000,3457793,400,3,11,3,10,0.04231818182,3080579.044
60,A350-1000,46,RR Trent XWB,15.98,859,0.21,77538384,350,8760,14800,1550768,500,2,11,2,3,0.04565714286,3540181.075
304,B777-8X,293,GE9X,19.6,950,0.25,77983382,350,9000,16100,1559668,500,2,15,6,16,0.056,4367069.392
69,B747-400D,91,CF6-80C2B1F,20.24,846,0.28,80125136,568,10250,2905,5608760,500,3,14,6,5,0.03563380282,2855163.297
69,B747-400D,90,PW 4062,23.98,1010,0.28,80125136,568,10250,2905,5608760,500,3,14,6,5,0.04221830986,3382747.819
59,A350-900R,46,RR Trent XWB,15.98,859,0.21,82723576,314,8760,14500,1654472,520,2,10,2,3,0.05089171975,4209945.046
74,B777-200ER,102,GE90-94B,17.67,841,0.24,84172921,400,11000,14260,4629511,480,2,11,3,3,0.044175,3718338.785
74,B777-200ER,100,PW 4090,17.86,859,0.24,84172921,400,11000,14260,4629511,480,2,11,3,3,0.04465,3758320.923
74,B777-200ER,101,Trent 895,19.19,1013,0.24,84172921,400,11000,14260,4629511,480,2,11,3,3,0.047975,4038195.885
307,A330-800neo,294,RR Trent 7000,12,800,0.15,85325684,406,9500,13900,1706514,510,2,10,2,3,0.02955665025,2521941.399
75,B777-300,105,GE 90-94B,17.67,877,0.24,89987157,451,9000,11135,4949294,450,2,13,5,3,0.03917960089,3525660.896
75,B777-300,104,Trent 892,18.62,832,0.24,89987157,451,9000,11135,4949294,450,2,13,5,3,0.04128603104,3715212.557
75,B777-300,103,PW 4098,19,823,0.24,89987157,451,9000,11135,4949294,450,2,13,5,3,0.0421286031,3791033.222
305,B777-9X,293,GE9X,21.56,931,0.28,91150989,406,9000,14500,1823020,540,2,15,6,16,0.05310344828,4840431.83
1,B747-400,1,PW4062,20.16,866,0.26,92136845,416,10250,14500,7140605,330,2,13,4,4,0.04846153846,4465093.258
1,B747-400,3,RR RB211-524,20.79,884,0.26,92136845,416,10250,14500,7140605,330,2,13,4,4,0.04997596154,4604627.422
1,B747-400,2,GE CF6-80C2b5F,21.21,946,0.26,92136845,416,10250,14500,7140605,330,2,13,4,4,0.05098557692,4697650.198
1,B747-400,4,PW4056,22.89,982,0.26,92136845,416,10250,14500,7140605,330,2,13,4,4,0.05502403846,5069741.303
64,B747-400ER,83,CF6-80C2B5F,19.32,803,0.26,97556659,416,10250,14500,4146158,450,2,13,4,5,0.04644230769,4530756.375
64,B747-400ER,1,PW4062,20.16,866,0.26,97556659,416,10250,14500,4146158,450,2,13,4,5,0.04846153846,4727745.782
308,A330-900neo,294,RR Trent 7000,13,800,0.16,109315468,440,9950,12130,2186309,510,2,10,2,3,0.02954545455,3229775.191
35,B747-8,50,GEnx-2B67,21.84,1096,0.26,121097727,467,10250,14815,4238420,500,2,13,6,5,0.04676659529,5663328.389
76,B777-300LR,106,GE 90-110B1,21.63,1026,0.26,131844032,451,11000,14500,5273761,460,2,13,5,3,0.04796008869,6323251.468
2,A380-800,6,RR Trent 970,18.9,916,0.26,215629503,600,9680,14500,6468885,450,2,18,6,16,0.0315,6792329.345
2,A380-800,7,RR Trent 972,22.26,1048,0.26,215629503,600,9680,14500,6468885,450,2,18,6,16,0.0371,7999854.561
2,A380-800,5,GP7270,22.89,963,0.26,215629503,600,9680,14500,6468885,450,2,18,6,16,0.03815,8226265.539
14,Concorde,28,RR/SNECMA Olympus 593 MK610 Afterburning,48.88,1932,0.65,407808000,120,11800,7500,43839360,330,4,15,2,25,0.4073333333,166113792